12002,Goodwill Industries of Houston, 1140 West Loop North,http://www.goodwillhouston.org/,4 stars,$93429918
12003,Friends of the Children NY, 204A West 115th Street,,4 stars,$1823232
12010,Landesa, 1424 Fourth Avenue,http://www.landesa.org/,4 stars,$10990449
12021,Matter, 7005 Oxford Street,http://www.MatterMore.org,4 stars,$41812449
12023,Pro Kids Golf Academy, 4085 52nd Street,http://www.thefirstteesandiego.org/club/scripts/public/public.asp,4 stars,$3526706
12033,Children's Alliance, 718 6th Avenue South,http://www.childrensalliance.org/,4 stars,$1784642
12045,Ruth & Norman Rales Jewish Family Service, 21300 Ruth & Baron Coleman Boulevard,http://www.ruthralesjfs.org,4 stars,$5349245
12053,Main Line Animal Rescue, P.O. Box 89,http://www.mlar.org/,4 stars,$4430236
12054,NETWORK of Community Ministries, 741 South Sherman,http://www.thenetwork.org,4 stars,$2957602
12059,Clara White Mission, 613 West Ashley Street,http://www.clarawhitemission.org,4 stars,$2965702
12062,American Council for an Energy-Efficient Economy, 529 14th Street N.W.,http://www.aceee.org,4 stars,$7430165
12086,Anita Borg Institute, 1501 Page Mill Road,http://www.anitaborg.org,4 stars,$6304009
12089,Jewish Family Service of Dallas, 5402 Arapaho Road,http://www.jfsdallas.org,4 stars,$3987515
12090,Table to Table, P.O. Box 1051,http://www.tabletotable.org,4 stars,$15252267
12094,Interfaith Community Services of Pima County, 2820 West Ina Road,http://www.icstucson.org,4 stars,$4724639
12096,Fresh Lifelines for Youth, 568 Valley Way,http://www.flyprogram.org,4 stars,$3149816
12099,The Food Bank of Lower Fairfield County, 461 Glenbrook Road,http://www.foodbanklfc.org,4 stars,$4636210
12105,Miriam's Kitchen, 2401 Virginia Avenue NW,http://www.miriamskitchen.org,4 stars,$1848890
12106,REDF, 221 Main Street,http://www.redf.org,4 stars,$6415726
12113,United Way of Midland County, 220 West main Street,http://www.unitedwaymidland.org,4 stars,$5787449
12123,100 Club of Arizona, 5033 North Nineteenth Avenue,http://www.100club.org,4 stars,$1483812
12125,Foundation for the National Archives, 700 Pennsylvania Avenue NW,http://www.archivesfoundation.org/,4 stars,$3798879
12126,Adaptive Sports Foundation, 100 Silverman Way,,4 stars,$1533916
12127,The Sheldon Arts Foundation, 3648 Washington Boulevard,http://www.thesheldon.org,4 stars,$3553673
12137,Heart of Los Angeles Youth, 2701 Wilshire Boulevard,http://www.heartofla.org,4 stars,$2851781
12139,Community Food Bank of Eastern Oklahoma, 1304 North Kenosha Avenue,http://www.cfbeo.org,4 stars,$30964859
12156,Grassroot Soccer, 198 Church Street,,4 stars,$7664616
12162,Boys & Girls Club of Collier County, 7500 Davis Boulevard,,4 stars,$5352650
12167,Goodcity, 5049 West Harrison Street,http://www.goodcitychicago.org/,4 stars,$2284378
12176,Starkey Hearing Foundation, 6700 Washington Avenue S,http://www.starkeyhearingfoundation.org,4 stars,$29178175
12204,Give to Colombia, 6705 Red Road,http://www.givetocolombia.org,4 stars,$1932015
12205,Boys & Girls Clubs of Miami-Dade, 2805 Southwest 32nd Avenue,,4 stars,$4079264
12206,Place of Hope, 9078 Isaiah Lane,http://www.placeofhope.com/,4 stars,$4965857
12209,Brookwood Florida, 901 Seventh Avenue South,http://www.brookwoodflorida.org/,4 stars,$1369945
12212,Women of Tomorrow Mentor & Scholarship Program, 22 East Flagler Street,http://www.womenoftomorrow.org/,4 stars,$1412904
12214,Hubbard House, P.O. Box 4909,http://www.hubbardhouse.org,4 stars,$3408069
12225,The Citizens Foundation USA, 2425 Touhy Ave.,http://www.tcfusa.org/,4 stars,$4783610
12242,SIGN Fracture Care International, 451 Hills St. Suite B,http://signfracturecare.org/,4 stars,$4344193
12252,Girl Scouts San Diego, 1231 Upas Street,http://www.sdgirlscouts.org/,4 stars,$10357374
12254,Habitat for Humanity of Ventura County, 121 S. Rice Ave.,http://www.habitatventura.org,4 stars,$1794425
12255,Manna Food Center, 9311 Gaither Road,http://www.mannafood.org,4 stars,$8071965
12257,Iraq and Afghanistan Veterans of America, 292 Madison Avenue,http://www.iava.org/index.php,4 stars,$6109172
12264,Josiah Venture, PO Box 4317,http://www.josiahventure.com,4 stars,$8256470
12265,International Leadership Institute, 524 Tanner Street,,4 stars,$2181697
12276,United Way of Lackawanna County, 615 Jefferson Avenue,,4 stars,$3406474
12278,DuPage PADS, 705 West Liberty Street,,4 stars,$3816677
12289,ArtsinStark, 900 Cleveland Avenue NW,,4 stars,$2829514
12299,United Way of Bucks County, 413 Hood Boulevard,http://www.uwbucks.org/,4 stars,$4534129
12310,Arthritis National Research Foundation, 200 Oceangate,http://www.curearthritis.org/,4 stars,$1301165
12316,Metro YMCAs of the Oranges, 139 East McClellan Ave.,,4 stars,$27028599
12321,Center for Child Protection, 8509 FM 969,http://www.centerforchildprotection.org,4 stars,$2896807
12330,D.C. Bar Pro Bono Program, 1101 K Street NW,http://www.dcbar.org/probono,4 stars,$2535703
12346,Sports Outreach Institute, 106-B Tradewynd Drive,,4 stars,$2508972
12350,The Ocean Foundation, 1320 19th Street NW,http://www.oceanfdn.org,4 stars,$4795529
12352,Asheville Humane Society, 14 Forever Friend Land,http://www.ashevillehumane.org/,4 stars,$2117572
12353,Ronald McDonald House Charities of Chicagoland and Northwest Indiana, 1301 West 22nd Street,http://rmhccni.org,4 stars,$17229852
12359,Keep a Child Alive, 11 Hanover Square NY,http://keepachildalive.org/,4 stars,$5892625
12363,Goodwill Industries of South Florida, 2121 Northwest 21st Street,http://www.goodwillsouthflorida.org/,4 stars,$93496492
12373,Prevent Child Abuse North Carolina, 3716 National Drive,http://www.preventchildabusenc.org/,4 stars,$1513776
12378,Boys & Girls Club of Dane County, 2001 Taft Street,http://www.bgcdc.org,4 stars,$2731003
12396,Love Without Boundaries Foundation, 306 S. Bryant Ave. Ste. C-145,,4 stars,$2321031
12402,Cradles to Crayons, 155 North Beacon Street,http://www.cradlestocrayons.org,4 stars,$8572397
12410,Lazarus House, 412 Hampshire Street,,4 stars,$9131403
12413,United Way of Greater Baytown Area & Chambers County, P.O Box 425,http://www.unitedwaygbacc.org/,4 stars,$3239285
12421,CASA of the Pikes Peak Region Inc., 701 South Cascade Avenue,http://www.casappr.org,4 stars,$1582352
12434,Polaris, P.O. Box 65323,http://www.polarisproject.org/,4 stars,$7290383
12442,Armed Forces Foundation, 16 North Carolin Avenue SE,http://www.armedforcesfoundation.org/,4 stars,$9987784
12443,Alex's Lemonade Stand Foundation, 333 East Lancaster Avenue,http://www.alexslemonade.org,4 stars,$13120415
12444,Friends Without A Border, 1123 Broadway,http://www.fwab.org,4 stars,$4493552
12445,Education For Employment, 1612 K Street NW,http://www.efe.org/,4 stars,$4549167
12447,Tom Coughlin Jay Fund Foundation, P.O. Box 50798,http://tcjayfund.org,4 stars,$3705686
12452,Habitat for Humanity of Greater Cincinnati, 4910 Para Drive,http://www.cincinnatihabitat.org/,4 stars,$6959549
12458,Desert AIDS Project, 1695 North Sunrise Way,http://www.desertaidsproject.org,4 stars,$21535045
12466,Patient Advocate Foundation, 421 Butler Farm Road,http://www.patientadvocate.org/,4 stars,$48019566
12469,American Friends of The Tel Aviv University, 39 Broadway Suite 1510,http://www.aftau.org,4 stars,$24886619
12472,Habitat for Humanity Greenville County, 49 Greenland Drive,,4 stars,$3019871
12490,Community Catalyst, 30 Winter Street,http://www.communitycatalyst.org,4 stars,$9680068
12495,Helping Hands: Monkey Helpers, 541 Cambridge Street,http://www.monkeyhelpers.org/,4 stars,$1682720
12506,The Bronx Museum of the Arts, 1040 Grand Concourse,http://www.bronxmuseum.org/,4 stars,$4774551
12516,Community Food Bank, 3403 East Central Avenue,http://www.communityfoodbank.net,4 stars,$41593234
12525,Love146, P.O. Box 8266,http://www.love146.org,4 stars,$2644246
12527,Boys & Girls Clubs of Wake County, 701 North Raleigh Boulevard,http://www.wakebgc.org,4 stars,$5843414
12538,Food and Water Watch, 1616 P Street NW,http://foodandwaterwatch.org,4 stars,$11998609
12539,African Leadership and Reconciliation Ministries, 13154 Coit Road,http://www.alarm-inc.org,4 stars,$3535484
12541,Arlington Street People's Assistance Network, 2708-B South Nelson Street,,4 stars,$2140830
12545,United Way of Olmsted County, 903 West Center Street,http://www.uwolmsted.org/,4 stars,$4310999
12548,charity: water, 200 Varick Street Suite 201,http://www.charitywater.org,4 stars,$32793153
12551,Children's Scholarship Fund Philadelphia, 100 South Broad Street,,4 stars,$9370931
12561,Banfield Charitable Trust, 8000 NE Tillamook Street,http://www.banfieldcharitabletrust.org,4 stars,$2454921
12562,Support Center for Child Advocates, 1900 Cherry Street,http://www.advokid.org,4 stars,$2443195
12565,The Rainbow Connection, 621 West University,http://www.rainbowwishconnection.org,4 stars,$2093928
12577,United Way of Portage County OH, 218 West Main Street,http://www.uwportage.org,4 stars,$1316365
12580,Furniture Bank of Central Ohio, 118 South Yale Ave,,4 stars,$4425307
12582,United Hospice of Rockland, 11 Stokum Lane,http://www.hospiceofrockland.org/,4 stars,$11382397
12583,New York City Coalition Against Hunger, 50 Broad Street,http://www.nyccah.org,4 stars,$3395441
12588,Edith and Carl Marks Jewish Community House of Bensonhurst, 7802 Bay Parkway,,4 stars,$8022116
12589,Sister Carmen Community Center, 655 Aspen Ridge Drive,http://www.sistercarmen.org,4 stars,$4194903
12590,Asian & Pacific Islander American Scholarship Fund, 2025 M Street NW,http://apiasf.org,4 stars,$15099977
12592,Pride Foundation, 2014 E. Madison St,http://www.pridefoundation.org/,4 stars,$-124132
12598,The Ghetto Film School, 79 Alexander Avenue,http://www.ghettofilm.org,4 stars,$1312305
12603,Cure Alzheimer's Fund, 34 Washington Street Suite 200,http://www.curealzfund.org,4 stars,$9128066
12614,Food Bank of the Albemarle, 109 Tidewater Drive,,4 stars,$8473712
12616,Gilda's Club Chicago, 537 North Wells Street,http://www.gildasclubchicago.org,4 stars,$1612948
12621,Friedreich's Ataxia Research Alliance, 533 W Uwchlan Ave,http://www.curefa.org,4 stars,$3323785
12624,The San Diego LGBT Community Center, 3909 Centre Street,http://www.thecentersd.org,4 stars,$4738962
12629,Oakland Public Education Fund, 1000 Broadway,,4 stars,$3427701
12631,Boy Scouts of America Tidewater Council, 1032 Heatherwood Drive,http://tidewaterbsa.com/,4 stars,$1866086
12634,Habitat for Humanity of Monroe County IN, 213 E. Kirkwood Avenue,http://www.monroecountyhabitat.org,4 stars,$2955022
12643,Habitat for Humanity of Palm Beach County, 6758 North Military Trail,http://www.habitatpbc.org,4 stars,$5598124
12646,Sargent Shriver National Center on Poverty Law, 50 East Washington Street,http://www.povertylaw.org,4 stars,$4762316
12650,State University College at Oneonta Foundation Corporation, 308 Netzer Administration Building,http://www.oneonta.edu/advancement/default.asp,4 stars,$3616464
12653,Foods Resource Bank, 4479 Central Avenue,,4 stars,$4150581
12654,Higher Ground Sun Valley, P.O. Box 6791,http://www.HigherGroundSV.org,4 stars,$1955814
12657,Habitat for Humanity-MidOhio, 3140 Westerville Road,http://www.habitatmidohio.org/,4 stars,$7340946
12662,Boys & Girls Club of Mercer County, 212 Centre Street,http://www.bgcmercer.org,4 stars,$4714912
12666,Boys & Girls Clubs of Greater Houston, 1520-A Airline Drive,http://www.bgclubs-houston.org,4 stars,$3970119
12674,Public Law Center, 601 Civic Center Drive West,http://www.publiclawcenter.org,4 stars,$2191623
12691,Helping Hand for Relief and Development, 12541 McDougall Street,http://www.helpinghandonline.org,4 stars,$24046855
12696,Achievement First, 403 James Street,http://www.achievementfirst.org,4 stars,$27246098
12711,Our Piece of the Pie, 20-28 Sargent Street,http://www.opp.org,4 stars,$5894113
12718,Meals on Wheels Plus of Manatee, 811 23rd Avenue East,http://www.mealsonwheelsplus.org/,4 stars,$8576854
12721,CARITAS, P.O. Box 25790,http://www.caritasva.org/,4 stars,$2726878
12729,Action Ministries Inc., 17 Executive Park Suite 540,http://www.actionministries.net,4 stars,$5025836
12733,Roger Baldwin Foundation of ACLU, ACLU of Illinois,http://www.aclu-il.org,4 stars,$3769318
12748,Cambodian Children's Fund, 2461 Santa Monica Blvd.,http://www.cambodianchildrensfund.org,4 stars,$5227180
12756,Equal Justice Initiative, 122 Commerce Street,http://www.eji.org,4 stars,$2909608
12760,WaterAid America, 315 Madison Ave,http://www.wateraidamerica.org,4 stars,$7791403
12763,Alternative House, P.O. Box 694,http://www.thealternativehouse.org/,4 stars,$2054792
12764,Center for Investigative Reporting, 1400 65th Street,http://centerforinvestigativereporting.org/,4 stars,$11522944
12765,Center on Halsted, 3656 North Halsted,http://www.centeronhalsted.org,4 stars,$4392514
12766,Cinequest, P.O. Box 720040,http://www.cinequest.org,4 stars,$1169983
12769,CuriOdyssey, 1651 Coyote Point Drive,http://www.CuriOdyssey.org,4 stars,$10303290
12773,United Way of Blount County, 1615 E. Broadway Avenue,http://www.liveunitedblount.org,4 stars,$2044152
12784,Nehemiah Center, 5015 Fannin St,http://www.nehemiahcenterhouston.org,4 stars,$1481892
12789,United Way of Cass-Clay, 219 7th Street south,http://www.uwcc.net,4 stars,$5277100
12792,United Way of Benton and Franklin Counties, 401 North Young Street,http://www.unitedway-bfco.com,4 stars,$4421424
12795,Frederick Rescue Mission, 419 W South St,,4 stars,$3280237
12803,Catholic Charities Fort Worth, 249 West Thornhill Drive,,4 stars,$22282910
12807,Jubilee Housing, 1640 Columbia Road NW,http://www.jubileehousing.org,4 stars,$4452956
12808,The Jamestown Community Center, 3382 26th Street,http://www.jamestownsf.org/,4 stars,$1961991
12810,The Indianapolis Public Library Foundation, P.O. Box 6134,http://foundation.imcpl.org/,4 stars,$3452855
12819,Avenidas, 450 Bryant Street,http://www.avenidas.org/,4 stars,$8151833
12826,Women's Bean Project, 3201 Curtis Street,http://www.womensbeanproject.com/,4 stars,$1203388
12827,Novato Youth Center, 680 Wilson Avenue,http://novatoyouthcenter.org,4 stars,$2946175
12835,Rally Foundation, 5775 Glenridge Drive,http://www.rallyfoundation.org,4 stars,$1312644
12844,Public Interest Projects, 45 West 36th Street,http://www.publicinterestprojects.org/,4 stars,$43722631
12848,Alzheimer's Association, 225 North Michigan Avenue,http://www.alz.org,4 stars,$268920015
12850,Women Employed, 65 East Wacker Place,http://www.womenemployed.org/,4 stars,$2857537
12852,Wayside House, 378 Northeast 6th Avenue,http://www.waysidehouse.net/,4 stars,$1689558
12853,Yad Ezra, 2850 West 11 Mile Road,http://www.yadezra.org,4 stars,$2188991
12856,NC Prevention Partners, 88 Vilcom Center Drive,http://ncpreventionpartners.org,4 stars,$2785732
12857,Opportunity Fund Northern California, 111 W. St. John Street,http://www.opportunityfund.org/,4 stars,$8355851
12858,Gulf Restoration Network, 541 Julia St.,http://www.healthygulf.org,4 stars,$1729673
12875,United Way of Acadiana, 215 East Pinhook Road,,4 stars,$6100624
12877,California Youth Connection, 604 Mission Street,http://www.calyouthconn.org,4 stars,$2095274
12879,Adolescent Counseling Services, 1717 Embarcadero Road,http://www.acs-teens.org,4 stars,$1420657
12883,God's Littlest Angels, 2283 A Waynoka Road,http://www.glahaiti.org/,4 stars,$2365393
12891,Christian Senior Services, 4306 NW Loop 410,http://www.christianseniorservices.org,4 stars,$6796944
12895,WildAid, 744 Montgomery Street,http://www.wildaid.org,4 stars,$6439670
12896,Right To Play, 49 West 27th Street,http://www.righttoplayusa.org,4 stars,$4557369
12901,Junior Achievement - Rocky Mountain, 1445 Market Street,http://www.jacolorado.org,4 stars,$3729200
12902,Just Detention International, 3325 Wilshire Boulevard,http://www.justdetention.org,4 stars,$2137706
12903,Community Nurse Health Center, 23 Calendar Avenue,http://www.communitynurse.org,4 stars,$3228165
12906,Wellspring Family Services, 1900 Rainier Avenue South,http://www.wellspringfs.org,4 stars,$12200825
12910,The Global Orphan Project, 6114 North 9 Highway,http://theglobalorphanproject.org,4 stars,$6034981
12922,Colon Cancer Alliance, 1025 Vermont Avenue NW,http://www.ccalliance.org,4 stars,$3561110
12928,Make-A-Wish Foundation of the Texas Gulf Coast and Louisiana, 1604 Bissonnet,http://texgulf.wish.org/,4 stars,$4545671
12934,United Way of the Ozarks, 320 North Jefferson,http://www.uwozarks.com/,4 stars,$5699471
12950,American Lung Association of the Upper Midwest, 13100 West Lisbon Road,http://www.lung.org/associations/charters/upper-midwest/,4 stars,$23541276
12958,Little Red Door Cancer Agency, 1801 North Meridian Street,http://www.littlereddoor.org,4 stars,$2328268
12970,Big Thought, 2501 Oak Lawn Avenue,http://www.bigthought.org,4 stars,$13697291
12972,ForKids, 4200 Colley Avenue,http://www.homesforkids.org,4 stars,$4287774
12976,Community Volunteers in Medicine, 300 B Lawrence Drive,http://www.cvim.org,4 stars,$5556803
12977,Alpha-1 Association, 2937 Southwest 27th Avenue,http://www.alpha1.org,4 stars,$1484928
12978,Kiva, 875 Howard St,,4 stars,$15632786
12982,Soles4Souls, 319 Martindale Drive,http://www.soles4souls.org,4 stars,$49898415
12985,Walking Mountains Science Center, 318 Walking Mountains Lane,,4 stars,$1293483
12991,Twin Cities RISE!, 800 Washington Avenue North,http://www.twincitiesrise.org,4 stars,$3601767
12999,Baitulmaal, P.O. Box 166911,http://www.baitulmaal.org,4 stars,$1695220
13002,Society for Classical Studies, 220 South 40th Street,http://www.apaclassics.org,4 stars,$1594371
13007,Ele's Place, 1145 West Oakland Avenue,http://www.elesplace.org,4 stars,$1822038
13010,United Way of Mower County, 301 North Main Street,http://www.uwmower.org,4 stars,$1411570
13021,Together We Cope, 17010 South Oak Park Avenue,http://www.togetherwecope.com/,4 stars,$3815802
13023,San Francisco Child Abuse Prevention Center, 1757 Waller Street,http://www.sfcapc.org/,4 stars,$4383317
13031,Wichita Children's Home, 810 North Holyoke,http://www.wch.org,4 stars,$10453341
13033,Emily Krzyzewski Family Life Center, 904 West Chapel Hill Street,http://www.emilyk.org,4 stars,$1830078
13039,Share our Selves, 1550 Superior Avenue,http://www.shareourselves.org/,4 stars,$7674814
13044,The Parent-Child Home Program, 1415 Kellum Place,http://www.parent-child.org,4 stars,$1833190
13048,Children's Cup, P.O. Box 400,http://www.childrenscup.org,4 stars,$3678784
13050,Girl Scouts of Northern California, 7700 Edgewater Drive,http://girlscoutsnorcal.org/,4 stars,$16970217
13055,4 Paws for Ability, 207 Dayton Avenue,,4 stars,$1737889
13056,Surrey Services for Seniors, 28 Bridge Avenue,http://www.surreyservices.org,4 stars,$6330592
13072,WINGS for kids, 476 Meeting Street,http://www.wingsforkids.org/,4 stars,$2631944
13076,Navy SEAL Foundation, 1619 D Street,http://www.navySEALfoundation.org,4 stars,$11257052
13078,Reading Partners, 180 Grand Avenue,http://readingpartners.org/,4 stars,$12876814
13079,Uncommon Schools, 826 Broadway 9th Floor,http://www.uncommonschools.org,4 stars,$45036791
13081,Jobs for the Future, 88 Broad Street,http://www.jff.org,4 stars,$18439290
13083,National Math + Science Initiative, 8350 North Central Expressway,http://www.nms.org/,4 stars,$34747658
13084,iMentor, 30 Broad Street,http://www.imentor.org/,4 stars,$22069269
13089,ECHO Lake Aquarium and Science Center, One College Street,http://www.echovermont.org,4 stars,$4020065
13097,Girls Educational & Mentoring Services (GEMS), 201 West 148th Street,http://www.gems-girls.org/,4 stars,$3397550
13100,Goodwill Industries of Southeastern Wisconsin, 5300 North 118 Court,http://www.goodwillsew.com/Default.aspx,4 stars,$105794310
13101,Hope For The Warriors®, 1335 Western Boulevard Suite E,http://www.hopeforthewarriors.org/,4 stars,$4906933
13103,Idaho Youth Ranch, 5465 West Irving Street,http://www.youthranch.org/,4 stars,$17858570
13106,Hibiscus Children's Center, 2400 North East Dixie Highway,,4 stars,$7470322
13108,Adler Aphasia Center, 60 West Hunter Avenue,http://www.adleraphasiacenter.org/,4 stars,$1437154
13109,All Hands Volunteers, 6 County Road,http://hands.org/,4 stars,$3695089
13118,Clothes To Kids, 1059 N. Hercules Avenue,http://www.clothestokids.org,4 stars,$1310148
13120,Orangewood Children's Foundation, 1575 East 17th Street,http://www.orangewoodfoundation.org/,4 stars,$8584346
13125,Children's Place at HomeSafe, 2840 Sixth Avenue S,http://childrensplace-homesafe.org/,4 stars,$8188011
13126,Outreach, 301 Center Street,,4 stars,$3864321
13128,Hope for Haiti's Children, 12020 Southwick Lane,http://hopeforhaitischildren.org/,4 stars,$1154299
13133,NetHope, 10615 Judicial Drive,http://www.nethope.org,4 stars,$6511231
13146,ECAD Educated Canines Assisting with Disabilities, P.O. Box 251,http://www.ecad1.org,4 stars,$1252788
13156,The Frick Pittsburgh, 7227 Reynolds Street,http://www.frickart.org,4 stars,$8345241
13158,Open Door Community House, 2405 Second Avenue,http://opendoorcommunityhouse.org/,4 stars,$1402064
13162,Good Sports, 1515 Hancock Street,http://www.goodsports.org/,4 stars,$2634364
13164,Morris Habitat for Humanity, 274 South Salem Street,http://www.morrishabitat.org,4 stars,$3053223
13173,Touch Foundation, 875 Third Avenue,,4 stars,$4729654
13183,Harlem Academy, 1330 Fifth Avenue,http://www.harlemacademy.org/,4 stars,$7293672
13184,The Joshua Fund, P.O Box 3468,,4 stars,$8217418
13187,BRAC USA, 110 William St 29th Floor,http://www.bracusa.org,4 stars,$24702509
13190,Ronald McDonald House Charities of New Mexico, 1011 Yale Boulevard NE,http://www.rmhc-nm.org,4 stars,$1268655
13197,The Sunlight Foundation, 1818 N Street NW,http://sunlightfoundation.com/,4 stars,$7912829
13199,United Way of Porter County Indiana, 951 Eastport Centre Drive,http://www.unitedwaypc.org,4 stars,$2990884
13206,Center for Children and Families Inc., 1151 East Main Street,http://www.ccfinorman.org,4 stars,$2783149
13208,Three Square, 4190 North Peco Road,http://www.threesquare.org/,4 stars,$43450624
13211,Doctors Care, 609 West Littleton Boulevard,http://www.drscare.org,4 stars,$2358580
13215,Jacobs & Cushman San Diego Food Bank, 9850 Distribution Avenue,http://www.sandiegofoodbank.org,4 stars,$30321117
13216,Safe Water Network, 122 East 42nd Street 26 Floor,http://www.safewaternetwork.org/,4 stars,$4165660
13217,The Center for Enriched Living, 280 Saunders Road,http://centerforenrichedliving.org,4 stars,$2396637
13218,Interfaith Social Services, 105 Adams Street,http://www.interfaithsocialservices.org/,4 stars,$1645199
13219,Petfinder Foundation, 4729 E. Sunrise Dr.,http://www.petfinderfoundation.com/,4 stars,$2539699
13221,EMpower, 111 John Street,http://www.empowerweb.org,4 stars,$1727040
13222,Ayuda, 6925 B Willow Street NW,http://www.ayuda.com,4 stars,$2147062
13223,The Idea Village, 515 Girod Street,http://ideavillage.org,4 stars,$1995624
13232,Heaven Can Wait Sanctuary Animal Society, P.O. Box 30158,http://www.hcws.org,4 stars,$1061913
13237,Urban Ministries of Durham, 410 Liberty Street,http://www.umdurham.org,4 stars,$2147572
13238,Meds & Food for Kids, 4488 Forest Park Ave,http://mfkhaiti.org,4 stars,$3547812
13243,NPH USA formerly Friends of the Orphans, 134 North LaSalle Street,http://www.nphusa.org,4 stars,$18002955
13246,Canary Foundation, 3155 Porter Drive,http://www.canaryfoundation.org,4 stars,$10088383
13251,Second Harvest Community Food Bank, 915 Douglas,http://www.OurCommunityFoodBank.org,4 stars,$10931611
13261,And Justice for All, 205 North 400 West,http://www.andjusticeforall.org/index.html,4 stars,$1388386
13262,One Acre Fund, 2355 Fairview Ave.,http://www.oneacrefund.org/,4 stars,$24297755
13275,Wounded Warriors Family Support, 920 South 107th Avenue,http://www.wwfs.org/,4 stars,$3238439
13283,Midwest Food Bank, 1703 South Veterans Parkway,http://www.midwestfoodbank.org/,4 stars,$48249943
13294,The Sharing Center, 600 North Highway 17-92,http://thesharingcenter.org/home,4 stars,$3546384
13296,Air Warrior Courage Foundation, P.O. Box 877,http://www.airwarriorcourage.org/,4 stars,$1337763
13297,Family Online Safety Institute, 400 7th Street NW,http://www.fosi.org,4 stars,$2140245
13307,Habitat for Humanity San Fernando/Santa Clarita Valleys, 21031 Ventura Boulevard,,4 stars,$6634752
13309,USTA Serves, 70 West Red Oak Lane,http://www.ustaserves.com/,4 stars,$2044469
13310,Idaho Humane Society, 4775 Dorman Street,https://www.idahohumanesociety.org/,4 stars,$4725765
13312,Catholic Charities Diocese of Fresno, 149 N. Fulton Street,http://ccdof.org/,4 stars,$4914085
13316,United Way of Lee Hendry Glades and Okeechobee, 7273 Concourse Drive,http://www.unitedwaylee.org/,4 stars,$9004494
13320,San Antonio Children's Museum, 305 E. Houston Street,http://www.sakids.org,4 stars,$25705516
13339,Boys & Girls Clubs of Central Alabama, P.O. Box 10391,http://www.bgcca.org/,4 stars,$2023461
13340,Boys & Girls Clubs of North Alabama, 203 Eastside Square,,4 stars,$2078184
13347,YMCA of South Palm Beach County, 6631 Palmetto Circle South,http://www.ymcaspbc.org/,4 stars,$10117119
13352,Make-A-Wish Central California, 351 W. Cromwell Ave.,http://centralca.wish.org/,4 stars,$1367628
13364,Tiger Woods Foundation, 121 Innovation Drive,https://secure.tigerwoodsfoundation.org,4 stars,$6303038
13368,The BISON Children's Scholarship Fund, P.O. Box 1134,http://www.bisonfund.com,4 stars,$2308527
13381,Homes With Hope, 49 Richmondville Avenue,http://www.hwhct.org/,4 stars,$1745684
13382,Thanks USA, 1390 Chain Bridge Road #260,http://www.thanksusa.org/,4 stars,$1418974
13387,Helping Children Worldwide, 14101 Parke Long Court,http://www.helpingchildrenworldwide.org,4 stars,$1046208
13389,Administer Justice, 1750 Grandstand Place,http://www.administerjustice.org/,4 stars,$1508936
13392,Building Goodness Foundation, 1710 Gordon Avenue,,4 stars,$3284088
13398,Rett Syndrome Research Trust, 67 Under Cliff Road,http://www.rsrt.org,4 stars,$3831706
13400,VillageReach, 2900 Eastlake Avenue East,http://www.villagereach.org,4 stars,$2365494
13401,Rainbow Village, 3427 Duluth Highway 120,http://www.rainbowvillage.org,4 stars,$2060425
13412,Haiti Outreach, 50 Ninth Avenue South,http://haitioutreach.org,4 stars,$1917241
13429,Goodwill Industries of Southern NJ and Philadelphia, 2835 Route 73,http://www.goodwillnj.org/,4 stars,$27683605
13431,Intersection for the Arts, 925 Mission Street,http://theintersection.org/,4 stars,$1960374
13435,Missionary Aviation Repair Center, P.O. Box 511,http://www.marcalaska.org/,4 stars,$1823482
13467,Kansas 4-H Foundation Inc., 116 Umberger Hall KSU,http://www.kansas4hfoundation.org/,4 stars,$6347730
13468,Easter Seals Capper Foundation, 3500 SW 10th Ave.,,4 stars,$7102100
13475,Rolling Hills Wildlife Adventure Foundation, 625 North Hedville Road,http://www.rollinghillswildlife.com/,4 stars,$2992237
13488,Princeton Symphony Orchestra, P.O. Box 250,http://www.princetonsymphony.org/,4 stars,$1399996
13503,United Way of Central Jersey, 32 Ford Avenue,http://www.uwcj.org/,4 stars,$4290948
13506,Caring Voice Coalition Inc., 8249 Meadowbridge Road,http://www.caringvoice.org/,4 stars,$57886939
13515,United States Rowing Association, 2 Wall Street,http://www.usrowing.org/index.aspx,4 stars,$6695355
13532,Produce for Better Health Foundation, 7465 Lancaster Pike,http://www.pbhfoundation.org/,4 stars,$2815719
13536,German Marshall Fund of the US, 1744 R Street NW,http://www.gmfus.org/,4 stars,$41616944
13537,Carnegie Endowment for International Peace, 1779 Massachusetts Avenue NW,http://carnegieendowment.org/,4 stars,$38695314
13550,National Alliance for the Mentally Ill of New York City, 505 Eighth Avenue,http://www.naminycmetro.org/,4 stars,$1182349
13614,United Way of Bradley County, 85 Ocoee St. S.E.,http://www.unitedwaybc.com,4 stars,$3255750
13618,United Way of Coastal Fairfield County, 75 Washington Avenue,http://www.unitedwaycfc.org/,4 stars,$7286502
13622,Matt Talbot Kitchen & Outreach, 2121 N. 27th St,http://www.mtkserves.org,4 stars,$1388955
13634,La Comunidad Hispana, 731 West Cypress Street,http://www.lacomunidadhispana.org/,4 stars,$2727717
13638,Forever Young Foundation, 1424 South Stapley Drive,http://www.foreveryoung.org/,4 stars,$2929057
13648,The United Way of Greater Waterbury, 100 North Elm Street,http://www.unitedwaygw.org/,4 stars,$3926736
13676,The Women's Center Texas, 1723 Hemphill Street,http://www.womenscentertc.org/,4 stars,$3872200
13677,Second Helpings, 1121 Southeastern Avenue,http://www.secondhelpings.org,4 stars,$5034534
13679,United Way of Greater Lafayette, 1114 East State Street,http://www.uwlafayette.org/,4 stars,$5777937
13685,Junior Achievement of Georgia, 460 Abernathy Road NE,http://www.georgia.ja.org/,4 stars,$6851567
13688,North Coast Health, 16110 Detroit Avenue,http://www.northcoasthealth.org,4 stars,$4543539
13691,Old Dominion Athletic Foundation, 4417 Monarch Way,http://www.olddominionaf.com/,4 stars,$7806197
13694,United Way of Lake County, 9285 Progress Parkway,http://www.uwlc.org,4 stars,$3360641
13697,United Way of Hancock County, 245 Stanford Parkway,http://www.uwhancock.org/,4 stars,$2941547
13699,The Society of St. Vincent de Paul in Cincinnati, 1125 Bank Street,http://www.svdpcincinnati.org/,4 stars,$6170099
13703,United Way of Greater Kingsport, 301 Louis Street,http://www.uwaykpt.org,4 stars,$4052986
13708,Urban Homeworks, 2015 Emerson Ave N,http://www.urbanhomeworks.org/,4 stars,$4908199
13710,YWCA Cass Clay, 3100 12th Avenue N.,http://www.ywcacassclay.org,4 stars,$2966161
13715,United Way of Treasure Valley, 2340 S Vista Ave,,4 stars,$5213092
13727,Rancho Cielo Youth Campus, 710 Old Stage Rd.,,4 stars,$2731360
13738,Huntington Area Food Bank, 1327 Seventh Avenue,http://www.hafb.org,4 stars,$6330204
13756,International Folk Art Alliance, 404 Kiva Court,http://www.folkartalliance.org/,4 stars,$2491461
13759,Screen Actors Guild Foundation, 5757 Wilshire Boulevard,http://www.sagfoundation.org/,4 stars,$6669992
13760,Manhattan Beach Education Foundation, 325 South Peck Avenue,,4 stars,$7987232
13778,Nantucket Atheneum, 1 India Street,http://www.nantucketatheneum.org/,4 stars,$2737462
13796,Education Writers Association, 3516 Connecticut Avenue NW,http://www.ewa.org,4 stars,$1829738
13804,Blue Water Baltimore, 3545 Belair Road,http://www.bluewaterbaltimore.org/,4 stars,$1707850
13808,United Way of Cascade County, 417 Central Avenue Suite 320,http://www.uwccmt.org/,4 stars,$1136093
13812,Greater Gallatin United Way, 945 Technology Blvd. Suite 101F,http://www.greatergallatinunitedway.org/,4 stars,$1304786
13817,Columbia Land Conservancy, 49 Main Street,http://clctrust.org/,4 stars,$2187971
13819,Fight Colorectal Cancer, 1414 Prince Street,http://fightcolorectalcancer.org/,4 stars,$1328406
13821,Jewish Family Service of Metropolitan Detroit, 6555 West Maple Road,http://www.jfsdetroit.org,4 stars,$9435742
13824,Nevada Childhood Cancer Foundation, 6070 South Eastern Avenue,http://www.nvccf.org/,4 stars,$1752225
13825,Communities In Schools of Nevada, 3720 Howard Hughes Parkway,http://cisnevada.org/,4 stars,$3410638
13837,United Way of Douglas County, 2518 Ridge Court,http://www.unitedwaydgco.org,4 stars,$2114351
13856,Bottom Line, 500 Amory Street,http://www.bottomline.org/,4 stars,$6096153
13857,Animal Allies Humane Society, 4006 Airport Road,http://www.animalallies.net/,4 stars,$1712960
13858,Kentucky Youth Advocates, 11001 Bluegrass Parkway Suite 100,http://kyyouth.org/,4 stars,$1453967
13859,Fun Time Early Childhood Academy, 102 12th Street North,,4 stars,$1432753
13861,American Relief Agency for the Horn of Africa (ARAHA), 3900 Jackson St. NE,https://www.araha.org/,4 stars,$5444214
13864,World Affairs Council of Seattle, 2200 Alaskan Way Suite 450,http://www.world-affairs.org/,4 stars,$1226099
13869,United Way of Northeast Louisiana, 1201 Hudson Lane,http://www.unitedwaynela.org,4 stars,$3534234
13880,Kostopulos Dream Foundation, 4180 Emigration Canyon Road,http://www.campk.org/,4 stars,$1213072
13881,Boy Scouts of America South Texas Council, 700 Everhart Terrace,http://southtexasbsa.org/,4 stars,$2570929
13885,Spread the Word Nevada, 1075 American Pacific,http://spreadthewordnevada.org/,4 stars,$3404322
13887,Austin YMBL Sunshine Camps, P.O. Box 684980,http://www.sunshinecamps.org/,4 stars,$1117347
13892,Memorial Assistance Ministries, 1625 Blalock Road,http://www.maministries.org,4 stars,$1958380
13896,Boys & Girls Club of Rochester, 930 40th Street NW,http://www.bgclubroch.org/,4 stars,$4212037
13898,ReSOURCE, 266 Pine Street,http://resourcevt.org/,4 stars,$4289390
13904,Turner House Children's Clinic, 21 North 12th Street,http://thcckc.org/,4 stars,$2342555
13905,Council for Children's Rights, 601 East Fifth Street,http://cfcrights.org,4 stars,$2729657
13908,United Way of Escambia County, 1301 West Government Street,http://www.unitedwayescambia.org/,4 stars,$3625689
13911,Boy Scouts of America Cherokee Area Council, 6031 Lee Highway,http://www.cherokeeareabsa.com/,4 stars,$2085847
13922,Opportunity Inc., 1713 Quail Drive,http://www.opportunitypbc.org/,4 stars,$1553454
13926,Urban Youth Impact, 2823 North Australian Avenue,,4 stars,$1732002
13927,Boys & Girls Clubs of Nassau County Foundation, 942259 Old Nassauville Rd.,,4 stars,$1199105
13937,Mississippi Children's Museum, P.O. Box 55409,http://www.mississippichildrensmuseum.com/,4 stars,$1983790
13949,United Way for Jackson & George Counties, 3510 Magnolia Street,http://unitedwayjgc.org/,4 stars,$1652952
13955,Cookson Hills Christian School, RR 3 Box 200,,4 stars,$4958806
13956,Tulsa Habitat for Humanity, 6235 East Thirteenth Street,http://www.tulsahabitat.org/,4 stars,$4967856
13964,Hebrew Academy of Morris County, 146 Dover Chester Road,http://www.hamc.org,4 stars,$3811491
13965,Greater Des Moines Habitat for Humanity, 2200 East Euclid,http://www.gdmhabitat.org/,4 stars,$8598548
13973,The Next Door, P.O. Box 23336,http://www.thenextdoor.org/,4 stars,$3790994
13974,Angiogenesis Foundation, One Broadway 14th Floor,http://www.angio.org/,4 stars,$3010395
13975,Core Knowledge Foundation, 801 East High Street,http://www.coreknowledge.org,4 stars,$5640036
13997,Big Brothers Big Sisters of Kentuckiana, 1519 Gardiner Lane,http://www.bbbsky.org/site/c.8hJPK0MBJjL2H/b.6431223/k.EE75/Home_Page.htm,4 stars,$2186670
13998,Shelby County United Way, 232 S Ohio Ave,,4 stars,$1383639
14011,Funders' Network for Smart Growth and Livable Communities, 1500 San Remo Avenue,http://www.fundersnetwork.org/,4 stars,$3315595
14012,Common Sense Media, 650 Townsend Street,http://www.commonsensemedia.org/,4 stars,$15644245
14016,Riverlife, 707 Grant Street,,4 stars,$3892847
14019,Salina Area United Way, 128 N. Santa Fe Suite 3A,http://www.unitedwaysalina.org/,4 stars,$1042774
14031,Girls Inc. of Omaha, 2811 North 45th Street,http://girlsincomaha.org/,4 stars,$2532948
14032,House of Hope, 2484 Southeast Bonita Street,http://www.hohmartin.org,4 stars,$2792782
14036,The American Civil War Center At Historic Tredegar, 490 Tredegar Street,http://www.tredegar.org/,4 stars,$3095392
14037,YWCA of Nashville & Middle Tennessee, 1608 Woodmont Boulevard,http://ywcanashville.com/,4 stars,$4897789
14040,United Way of Greater New Bedford, 105 WILLIAM ST FL 3,http://www.unitedwayofgnb.org/,4 stars,$2271968
14043,Family & Children's Service, 201 23rd Avenue North,http://www.fcsnashville.org/,4 stars,$4303340
14046,United Way of Yellowstone County, 2173 Overland Ave,http://www.unitedwayyellowstone.org/,4 stars,$2434571
14047,Maine Maritime Museum, 243 Washington Street,http://www.mainemaritimemuseum.org/,4 stars,$2323388
14053,Grand Island Education Foundation, 123 S. Webb Road,http://www.gips.org/foundation,4 stars,$2312327
14055,CIA Officers Memorial Foundation, 2251 Corporate Park Drive,http://www.ciamemorialfoundation.org/,4 stars,$3912480
14058,Loggerhead Marinelife Center, 14200 U.S. Highway One,http://www.marinelife.org/,4 stars,$1959729
14064,Resourcing Christian Education International, 209 E. Liberty Drive,http://www.rce-international.org/,4 stars,$5577704
14068,Child Legacy International, P.O. Box 805,http://www.childlegacy.org/index.php,4 stars,$1498379
14088,Dakin Humane Society, 171 Union Street,,4 stars,$2593021
14101,Ocean City Tabernacle, 550 Wesley Avenue,http://www.octabernacle.org,4 stars,$2768153
14114,Mobile Loaves & Fishes, 5524 Bee Cave Road BLDG M,,4 stars,$3209793
14120,Neighborhood Ministries, 1918 W Van Buren Street,http://nmphx.com/,4 stars,$2126036
14159,Theodore Roosevelt Conservation Partnership, 1660 L Street NW,http://www.trcp.org/,4 stars,$3154897
14163,Center for Health and Gender Equity, 1317 F St. NW,http://www.genderhealth.org/,4 stars,$1266713
14168,Delaware Valley Golden Retriever Rescue, 60 Vera Cruz Road,http://www.dvgrr.org/,4 stars,$1276292
14173,American Eagle Foundation, Post Office Box 333,http://www.eagles.org/,4 stars,$1166451
14177,USO Metropolitan Washington, 228 McNair Road,,4 stars,$5784477
14186,United Way of Aiken County, 235 Barnwell Avenue NW,http://www.uwaiken.org/,4 stars,$3136033
14189,Rescue Mission of Roanoke, 402 4th Street SE,http://rescuemission.net/,4 stars,$5194561
14191,United Way of the Piedmont, 203 East Main Street,,4 stars,$4852654
14198,New Door Ventures, 3221 20th Street,http://www.newdoor.org,4 stars,$6269911
14199,JobTrain, 1200 O'Brien Drive,http://www.jobtrainworks.org,4 stars,$5281793
14200,BUILD (Businesses United in Investing Lending & Development), 2385 Bay Road,http://build.org/,4 stars,$6298028
14201,JAFCO, 4200 North University Drive,https://www.jafco.org/,4 stars,$5853870
14219,Nature and Culture International, 1400 Maiden Lane,http://natureandculture.org/,4 stars,$3837675
14253,Hagar, 4757 E. Greenway Road,,4 stars,$1568134
14263,Boys & Girls Clubs of Greater La Crosse, 1331 Clinton Street,http://www.bgcgl.org/,4 stars,$1485121
14270,Boys & Girls Clubs of the Fox Valley, 160 South Badger Avenue,http://www.bgclubfoxvalley.org/,4 stars,$2517592
14278,United Way of Midland, 1209 West Wall Street,http://www.unitedwaymidland.com/,4 stars,$3988899
14283,MidTown Cleveland, 5000 Euclid Avenue,http://www.midtowncleveland.org/,4 stars,$1451051
14288,United Way of Marathon County, 705 South 24th Avenue,http://unitedwaymc.org/,4 stars,$3360022
14291,Domestic Abuse Intervention Services, P.O. Box 1761,http://abuseintervention.org/,4 stars,$3175895
14292,United Way of Portage County WI, 1100 Centerpoint Drive,http://www.unitedwaypoco.org/,4 stars,$2894851
14302,Wisconsin Women's Health Foundation, 2503 Todd Drive,http://www.wwhf.org/,4 stars,$1962338
14316,Oshkosh Area United Way, 36 Broad Street,http://www.oshkoshunitedway.org/,4 stars,$1382437
14319,Tri-County Community Dental Clinic, 9 Tri Park Way,http://tricountydental.org/,4 stars,$1184916
14338,FamilyMeans, 1875 Northwestern Avenue South,https://www.familymeans.org/,4 stars,$4370365
14368,High Hopes, 36 Town Woods Road,http://highhopestr.org/,4 stars,$1600156
14379,Helena Food Share, PO Box 943,http://helenafoodshare.org/janda/index.php,4 stars,$2280750
14381,Judi's House, 1741 Gaylord Street,http://www.judishouse.org/,4 stars,$1617902
14386,Family & Intercultural Resource Center, 251 W. 4th Street,http://www.summitfirc.org/,4 stars,$2163717
14388,Yale-China Association, 442 Temple Street,http://www.yalechina.org/,4 stars,$1980332
14391,People's Light & Theatre Company, 39 Conestoga Road,http://peopleslight.org/,4 stars,$9938520
14393,Focus Points Family Resource Center, 2501 East 48th Avenue,http://focuspoints.org/,4 stars,$1349698
14416,Crossroads of Michigan, 2424 West Grand Boulevard,http://crossroadsofmichigan.org/,4 stars,$1285590
14424,On the Boards, 100 West Roy Street,,4 stars,$1226063
14455,Berkeley Public Library Foundation, 2090 Kittredge Street,http://www.bplf.org/,4 stars,$1047050
14469,United Way Fox Cities, 1455 Midway Road,http://www.unitedwayfoxcities.org/,4 stars,$7629931
14481,United Way of Racine County, 2000 Domanik Drive,http://www.unitedwayracine.org/,4 stars,$5617455
14484,Boys and Girls Club of Benton Harbor, 600 Nate Wells Senior Drive,http://www.bgcbh.org/,4 stars,$2490867
14486,Camp Kudzu, 5885 Glenridge Drive,http://www.campkudzu.org/,4 stars,$1618135
14495,All Our Kin, 414A Chapel Street,http://allourkin.org/,4 stars,$1550336
14496,United Way of Kosciusko County, 3755 Lake City Highway,,4 stars,$2160671
14498,United Way of Erie County, 420 West 6th Street,http://www.unitedwayerie.org/,4 stars,$6123630
14500,United Way of Butler County, 184 Pittsburgh Road,http://www.butlerunitedway.org/,4 stars,$1742157
14516,Boy Scouts of America Greater Niagara Frontier Council, 2860 Genesee Street,http://www.wnyscouting.org/,4 stars,$2714954
14519,Big Brothers Big Sisters of Northeast Indiana, 1005 West Rudisill Boulevard,http://www.bbbsnei.org/site/c.ckLRI4NOIhJ2G/b.7498045/k.EF66/Home_Page.htm,4 stars,$1789950
14523,National Council of Jewish Women Essex County Section, 70 South Orange Avenue,http://www.ncjwessex.org/,4 stars,$1683167
14529,Our Kids, 1804 Hayes Street,https://ourkidscenter.com/,4 stars,$1741515
14531,Livingston County United Way, 2980 Dorr Road,http://www.lcunitedway.org/,4 stars,$1544136
14533,USO of Hampton Roads and Central Virginia, 3 Ruckman Road,,4 stars,$1723195
14546,Alliance for a Just Society, 3518 South Edmunds Street,http://allianceforajustsociety.org/,4 stars,$2829959
14547,Ryan House, 110 West Merrell Street,http://ryanhouse.org/,4 stars,$1429909
14548,Jewish Family Services of Washtenaw County, 2245 South State Street,http://jfsannarbor.org/,4 stars,$1550794
14550,Kids' Food Basket, 2055 Oak Industrial Drive,http://www.kidsfoodbasket.org/,4 stars,$2218617
14566,Phoenix Day, 115 East Tonto Street,http://phoenixday.org/,4 stars,$1528692
14570,Safe Haven Family Shelter, 1234 3rd Avenue South,http://safehaven.org/,4 stars,$2297389
14574,Pastoral Institute, 2022 Fifteenth Avenue,http://www.pilink.org/home.aspx,4 stars,$5427781
14587,Pretty Lake Vacation Camp, 9123 Q Avenue,http://www.prettylakecamp.org/,4 stars,$1603624
14596,Shoreline Soup Kitchens & Pantries, P.O. Box 804,http://shorelinesoupkitchens.org/,4 stars,$1316733
14601,United Way of Northeastern Minnesota, 229 West Lake Street,http://www.unitedwaynemn.org/,4 stars,$1727525
14608,Eastern Market Corporation, 2934 Russell Street,http://detroiteasternmarket.com/,4 stars,$3361913
14616,Our House Arkansas, 302 East Roosevelt Road,,4 stars,$1648232
14631,Neighborhood Club, 17150 Waterloo,http://www.neighborhoodclub.org/,4 stars,$2187620
14645,Faith Family Medical Clinic, 326 21st Avenue North,http://www.faithmedical.org/,4 stars,$1957479
14662,Habitat For Humanity of Eagle and Lake Counties, 455 Nottingham Ranch Road,,4 stars,$2720206
14667,eTown, 1535 Spruce Street,http://etown.org/,4 stars,$2436619
14671,Arvada Community Food Bank, 8555 West 57th Avenue,http://www.arvadacommunityfoodbank.org/,4 stars,$2079920
14674,The Damien Center, 26 North Aresenal Avenue,http://damien.org/,4 stars,$2836714
14683,Open Doors, 1141 South Rose Street,,4 stars,$1014348
14686,Monadnock United Way, 23 Center Street,http://www.muw.org/,4 stars,$2407377
14691,Habitat for Humanity of Summit County, 2301 Romig Road,http://www.hfhsummitcounty.org/,4 stars,$2501284
14700,Christian Services Inc., 301 East Second Street,,4 stars,$1006190
14701,Discovery Green Conservancy, 1500 McKinney,http://www.discoverygreen.com/,4 stars,$5069641
14708,United Way of Howard County, 210 West Walnut Street,http://unitedwayhoco.org/,4 stars,$2395934
14721,Urban League of Greater Oklahoma City, 3900 North Martin Luther King Avenue,http://urbanleagueok.org/,4 stars,$1492790
14722,Camp Quality USA, 1444 Mockingbird Circle,http://campqualityusa.org/,4 stars,$1968204
14724,Louisville Free Public Library Foundation, 301 York Street,http://www.lfplfoundation.org/,4 stars,$2935177
14739,United Way of Tri County, 46 Park Street,http://www.uwotc.org/,4 stars,$7633894
14749,United Way of Champaign County, 404 West Church Street,http://www.uwayhelps.org/,4 stars,$3515984
14751,Lubbock Area United Way, 1655 Main Street,http://www.liveunitedlubbock.org/,4 stars,$6399030
14758,Rowan Helping Ministries, 226 North Long Street,http://www.rowanhelpingministries.org/,4 stars,$4273293
14784,United Way of Southwest Wyoming, 404 North Street,http://www.swunitedway.org/,4 stars,$1619194
14808,Bivona Child Advocacy Center, 275 Lake Avenue,http://www.bivonacac.org/,4 stars,$1650448
14824,United Way of Clallam County, PO Box 937,http://www.unitedwayclallam.org/,4 stars,$1356947
14843,Ronald McDonald House of Rochester MN, 850 Second Street SW,http://rmhmn.org/,4 stars,$1843290
14844,Ronald McDonald House Charities of Central Ohio, 711 East Livingston Avenue,http://www.rmhc-centralohio.org/index.php,4 stars,$7331441
14845,United Way of the Coastal Bend, 711 North Carancahua Street,http://www.uwcb.org/,4 stars,$5533604
14856,United Way of Bristol, P.O. Box 696,,4 stars,$1365066
14859,West Seattle Food Bank, 3419 Southwest Morgan Street,http://www.westseattlefoodbank.org/,4 stars,$2594944
14865,Grantmakers in the Arts, 4055 21st Avenue West,http://www.giarts.org/,4 stars,$1802184
14875,United Way of Rutherford and Cannon Counties, 615 Memorial Boulevard,http://www.uwrutherford.org/,4 stars,$2801085
14881,Children's Action Alliance, 4001 North Third Street,http://azchildren.org/,4 stars,$1960746
14893,Almost Heaven Habitat for Humanity, 202 North Main Street,http://almostheavenhabitat.org/,4 stars,$1313814
14897,The Children's Museum of Memphis, 2525 Central Avenue,http://cmom.com/,4 stars,$2952726
14906,Mill River Park Collaborative, 1010 Washington Boulevard,http://www.millriverpark.com/,4 stars,$7525402
14907,Junior Achievement of Oklahoma, 3947 South 103 East Avenue,https://www.juniorachievement.org/web/ja-ok,4 stars,$1440450
14910,Habitat for Humanity in the Roanoke Valley, 403 Salem Avenue,http://www.habitat-roanoke.org/,4 stars,$3392745
14920,United Way of Southwest Michigan, 2015 Lakeview Avenue,,4 stars,$3618109
14924,United Way of Saginaw County, 100 South Jefferson Avenue,http://www.unitedwaysaginaw.org/,4 stars,$2894282
14925,United Way of Anderson County - SC, 604 North Murray Avenue,,4 stars,$2671842
14936,United Way of Monmouth County, 1415 Wycoff Road,http://www.uwmonmouth.org/,4 stars,$5220936
14951,RiverQuest, 1501 Reedsdale Street,http://riverquest.org/,4 stars,$1250006
14953,Court Appointed Special Advocates of Collin County, 101 East Davis Street,http://www.casaofcollincounty.org/,4 stars,$1217830
14956,Sheriff's Youth Foundation of Los Angeles County, 4700 Ramona Boulevard,http://sheriffsyouthfoundation.org/,4 stars,$1980379
14992,Foundation for MetroWest, Three Eliot Street,http://www.foundationformetrowest.org/Home.aspx,4 stars,$2937964
14997,Westerly Public Library and Wilcox Park, 44 Broad Street,http://www.westerlylibrary.org/,4 stars,$4136655
15000,Initiative for A Competitive Inner City, 184 Dudley Street,http://www.icic.org/,4 stars,$3283058
15004,Community Health Charities of Nebraska, 212 South 74th Street,http://nebraska.healthcharities.org/,4 stars,$2900507
15006,ACLU Foundation of Massachusetts, 211 Congress Street,http://aclum.org/,4 stars,$3988460
15008,Collision Repair Education Foundation, 5125 Trillium Boulevard,http://collisioneducationfoundation.org/,4 stars,$4902066
15009,Writers Theatre, 321 Park Ave,http://www.writerstheatre.org/,4 stars,$12908593
15017,Sherwood Forest Camp, 2708 Sutton Boulevard,http://sherwoodforestcamp.com/,4 stars,$1700792
15019,Ronald McDonald House Charities of the Ozarks, 949 East Primrose Street,http://www.rmhcozarks.org/,4 stars,$1679772
15032,The Bascom, 323 Franklin Road,http://www.thebascom.org/,4 stars,$3962715
15034,The Free Clinics, 841 Case Street,http://thefreeclinics.org/,4 stars,$3351286
15041,Town of Palm Beach United Way, 44 Cocoanut Row M201,http://www.palmbeachunitedway.org/,4 stars,$4830986
15053,Child Advocates San Antonio, 406 San Pedro Avenue,http://www.casa-satx.org/,4 stars,$1816744
15059,Nebraska Children and Families Foundation, 215 Centennial Mall South,http://www.nebraskachildren.org/,4 stars,$13809601
15075,National Sleep Foundation, 1010 North Glebe Road,http://sleepfoundation.org/,4 stars,$3748563
15076,James River Association, 4833 Old Main Street,http://www.jamesriverassociation.org/,4 stars,$2234253
15100,Mount Washington Observatory, 2779 White Mountain Highway,http://www.mountwashington.org/,4 stars,$2140874
15110,New Horizons, 199 Manchester Street,,4 stars,$2325443
15113,Philanthropy Ohio, 37 West Broad Street,https://www.philanthropyohio.org/,4 stars,$1919645
15124,Community Partnership for Arts and Culture, 1900 Superior Avenue,http://cultureforward.org/,4 stars,$2866802
15132,CHUM, 102 West Second Street,http://www.chumduluth.org/index.htm,4 stars,$1957870
15139,Northern Clay Center, 2424 Franklin Avenue East,https://www.northernclaycenter.org/,4 stars,$1623386
15140,Angel Foundation, 700 South Third Street,http://www.mnangel.org/,4 stars,$2020730
15162,Encompass, 1407 Boalch Avenue NW,http://www.encompassnw.org/,4 stars,$2785452
15169,Habitat for Humanity of East Jefferson County, P.O. Box 658,http://www.habitatejc.org/,4 stars,$1952148
15176,Happy Hearts Fund, P.O. Box 725,http://happyheartsfund.org/,4 stars,$3040550
15191,Montgomery County United Way, 1600 Lake Front Circle Suite 248,,4 stars,$4967623
15192,City Academy, 4175 North Kingshighway Boulevard,http://www.cityacademyschool.org/,4 stars,$4559490
15195,Chicago Bar Foundation, 321 South Plymouth Court,http://chicagobarfoundation.org/,4 stars,$5918520
15201,Jazz St. Louis, 3547 Olive Street,http://www.jazzstl.org/,4 stars,$4673865
